commit	score	memory_gb	status	description
7d22c37	535.433484	6.8	keep	baseline: DINOv3-L LoRA r16 @448, 512 cells, tau75, bs48 (46 img/s)
7d22c37	0.0	31.4	crash	no-ckpt + 32 workers @ bs48: OOM (activations >32GB)
9890292	433.295567	17.8	keep	no grad-ckpt + bs24x2 + 32 workers (+47% steps)
0f6483f	398.492614	17.8	keep	geocells 2048 + PRED_TOPK 16 (acc@200 29.9%)
0f6483f	395.541182	17.8	discard	cls_mean pooling: 398.5->395.5, within noise; neutral, not confirmed
0f6483f	395.701366	17.9	discard	offset-regression head: 395.7, within noise; within-cell res not the bottleneck
ae5e29f	283.354824	17.8	keep	mode-seeking pred rule T0.5 r1000 (-29%, acc@200 39.8%)
ae5e29f	278.324913	18.9	discard	unfreeze last2 blocks: 278.3 (-5.1, borderline); grid: T0.35 r1000 best, no-locality terrible
ae5e29f	280.585982	18.9	discard	unfreeze+T0.35 combo: 280.6, still within noise vs 283.4; unfreeze ~1% real at best
ae5e29f	316.372293	17.8	discard	tau 75->40: 316.4, sharper labels HURT at 2048 cells
337e4a7	282.777192	17.8	keep	session2 baseline re-run @337e4a7: 282.8 (~= champ 283.4, noise); val cell_top1 14.0% lift 288x
337e4a7	306.107097	17.9	discard	pano InfoNCE aux (pairs, lam0.5): 306.1 (+23 WORSE); cell_top1 14.0->11.9 — pair batches halve location diversity at 8min budget
7acb12a	263.898983	17.9	keep	hier heads 64/512/2048 log-space: 263.9 (-18.9 KEEP); mean 1219, acc2500 89.9% — coarse levels fix wrong-region mass
